Workbook

Sheet Questions
A1: id | B1: category | C1: difficulty | D1: question | E1: option_a | F1: option_b | G1: option_c | H1: option_d | I1: correct_answer | J1: correct_text | K1: source | L1: tags | M1: active
A2: q001 | B2: italian_brainrot | C2: easy | D2: What is Tralalero Tralala depicted as? | E2: A blue shark with three legs wearing Nike sneakers | F2: A pizza-headed warrior | G2: A pasta-shaped octopus | H2: A flying meatball | I2: A | J2: =CHOOSE(MATCH(I2,{"A","B","C","D"},0),E2,F2,G2,H2) | M2: TRUE
A3: q002 | B3: italian_brainrot | C3: easy | D3: Bombardiro Crocodilo is a hybrid of which two things? | E3: Shark and submarine | F3: Crocodile and bomber plane | G3: Lion and tank | H3: Snake and helicopter | I3: B | J3: =CHOOSE(MATCH(I3,{"A","B","C","D"},0),E3,F3,G3,H3) | M3: TRUE
A4: q003 | B4: italian_brainrot | C4: medium | D4: What does the word 'Sahur' in Tung Tung Tung Sahur refer to? | E4: A type of Italian pasta | F4: An Indonesian pre-dawn Ramadan meal | G4: An ancient war drum | H4: A TikTok dance | I4: B | J4: =CHOOSE(MATCH(I4,{"A","B","C","D"},0),E4,F4,G4,H4) | M4: TRUE
A5: q004 | B5: italian_brainrot | C5: easy | D5: Ballerina Cappuccina has what as her head? | E5: A teapot | F5: An espresso machine | G5: A cup of cappuccino | H5: A gelato cone | I5: C | J5: =CHOOSE(MATCH(I5,{"A","B","C","D"},0),E5,F5,G5,H5) | M5: TRUE
A6: q005 | B6: italian_brainrot | C6: medium | D6: Tung Tung Tung Sahur is most commonly depicted as what? | E6: A wooden log creature with a face and bat | F6: A walking cappuccino | G6: An armored elephant | H6: A floating pizza | I6: A | J6: =CHOOSE(MATCH(I6,{"A","B","C","D"},0),E6,F6,G6,H6) | M6: TRUE
A7: q006 | B7: italian_brainrot | C7: hard | D7: Lirili Larila is famously a hybrid of an elephant, a cactus, and what? | E7: A sombrero | F7: Sandals | G7: A pocket watch | H7: Wings | I7: B | J7: =CHOOSE(MATCH(I7,{"A","B","C","D"},0),E7,F7,G7,H7) | M7: TRUE
A8: q007 | B8: italian_brainrot | C8: medium | D8: What platform is most responsible for the Italian brainrot explosion in 2024-2025? | E8: YouTube | F8: Instagram | G8: TikTok | H8: Twitch | I8: C | J8: =CHOOSE(MATCH(I8,{"A","B","C","D"},0),E8,F8,G8,H8) | M8: TRUE
A9: q008 | B9: italian_brainrot | C9: hard | D9: What technology is primarily used to create Italian brainrot character art? | E9: Hand-drawn animation | F9: AI image generators | G9: Stop motion clay | H9: 3D motion capture | I9: B | J9: =CHOOSE(MATCH(I9,{"A","B","C","D"},0),E9,F9,G9,H9) | M9: TRUE
A10: q009 | B10: italian_brainrot | C10: hard | D10: Bombombini Gusini is depicted as what kind of creature? | E10: A military goose with bombs | F10: A duck on rollerskates | G10: A pigeon piloting a jet | H10: A swan with rocket launchers | I10: A | J10: =CHOOSE(MATCH(I10,{"A","B","C","D"},0),E10,F10,G10,H10) | M10: TRUE
A11: q010 | B11: italian_brainrot | C11: medium | D11: Cappuccino Assassino is typically armed with what? | E11: Bombs | F11: Katanas / samurai swords | G11: Pistols | H11: Bow and arrows | I11: B | J11: =CHOOSE(MATCH(I11,{"A","B","C","D"},0),E11,F11,G11,H11) | M11: TRUE
A12: q011 | B12: italian_brainrot | C12: hard | D12: Brr Brr Patapim has what unusual feature? | E12: A glass torso | F12: A tree/wooden body with a face | G12: Eight arms | H12: A clock for a head | I12: B | J12: =CHOOSE(MATCH(I12,{"A","B","C","D"},0),E12,F12,G12,H12) | M12: TRUE
A13: q012 | B13: italian_brainrot | C13: expert | D13: What is the typical narration style of Italian brainrot videos? | E13: Silent with subtitles | F13: AI-generated Italian voice over absurd lore | G13: British David Attenborough parody | H13: Whispered ASMR | I13: B | J13: =CHOOSE(MATCH(I13,{"A","B","C","D"},0),E13,F13,G13,H13) | M13: TRUE
... A201: q200 | B201: deep_cuts | C201: medium | D201: 'Brain rot' was Oxford Word of the Year in what year? | E201: 2022 | F201: 2023 | G201: 2024 | H201: 2025 | I201: C | J201: =CHOOSE(MATCH(I201,{"A","B","C","D"},0),E201,F201,G201,H201) | M201: TRUE

Sheet Summary
A1: Category | B1: Count | D1: Difficulty | E1: Count
A2: absurdity | B2: =COUNTIF(Questions!B:B,A2) | D2: easy | E2: =COUNTIF(Questions!C:C,D2)
A3: creators | B3: =COUNTIF(Questions!B:B,A3) | D3: medium | E3: =COUNTIF(Questions!C:C,D3)
A4: cross_platform | B4: =COUNTIF(Questions!B:B,A4) | D4: hard | E4: =COUNTIF(Questions!C:C,D4)
A5: deep_cuts | B5: =COUNTIF(Questions!B:B,A5) | D5: expert | E5: =COUNTIF(Questions!C:C,D5)
A6: gen_alpha_slang | B6: =COUNTIF(Questions!B:B,A6) | D6: Total | E6: =SUM(E2:E5)
A7: italian_brainrot | B7: =COUNTIF(Questions!B:B,A7)
A8: skibidi | B8: =COUNTIF(Questions!B:B,A8)
A9: viral_moments | B9: =COUNTIF(Questions!B:B,A9)
A10: Total | B10: =SUM(B2:B9)
